id,field,level,classification,mandatory_condition_or_scope,roles,boundary,evidence,source_details
F01,Name und Anschrift von Leistendem / Empfänger,Kopf,G,"§ 14 Abs. 4 Nr. 1; allgemeiner Katalog, Sonderfälle gesondert","[""AP""]",Interne Kreditoren-/Gesellschafts-ID ist nicht der Gesetzeswortlaut.,"[""E05a""]","[{""evidence_id"": ""E05a"", ""source_id"": 5, ""url"": ""https://www.gesetze-im-internet.de/ustg_1980/__14.html"", ""section"": ""§ 14 Abs. 4 Nr. 1 UStG""}]"
F02,Steuernummer ODER Umsatzsteuer-ID des Leistenden,Kopf,G,"§ 14 Abs. 4 Nr. 2; Alternative, nicht pauschal beide verlangen","[""AP""]",Nicht mit einer internen Lieferantennummer verwechseln.,"[""E05a""]","[{""evidence_id"": ""E05a"", ""source_id"": 5, ""url"": ""https://www.gesetze-im-internet.de/ustg_1980/__14.html"", ""section"": ""§ 14 Abs. 4 Nr. 2 UStG""}]"
F03,Ausstellungsdatum / Rechnungsnummer,Kopf,G;U→S,§ 14 Abs. 4 Nr. 3–4; in BC Ext. Doc. No. Mandatory als eigener Buchungsparameter,"[""AP""]",Rechtliche Rechnungsangabe und technische Erfassungspflicht sind getrennte Prüfungen.,"[""E05a"", ""E16a""]","[{""evidence_id"": ""E05a"", ""source_id"": 5, ""url"": ""https://www.gesetze-im-internet.de/ustg_1980/__14.html"", ""section"": ""§ 14 Abs. 4 Nr. 3–4 UStG""}, {""evidence_id"": ""E16a"", ""source_id"": 16, ""url"": ""https://learn.microsoft.com/en-us/dynamics365/business-central/purchasing-how-record-purchases"", ""section"": ""External document number""}]"
F04,Menge / Art der Lieferung oder Umfang / Art der Leistung; Leistungszeitpunkt,Position / Leistungsbezug,G,"§ 14 Abs. 4 Nr. 5–6, einschließlich der dort geregelten Bedingungen","[""LE"", ""AP""]",Leistungsdatum nicht durch Rechnungseingang oder Buchungsdatum ersetzen.,"[""E05a"", ""E05b""]","[{""evidence_id"": ""E05a"", ""source_id"": 5, ""url"": ""https://www.gesetze-im-internet.de/ustg_1980/__14.html"", ""section"": ""§ 14 Abs. 4 Nr. 5–6 UStG""}, {""evidence_id"": ""E05b"", ""source_id"": 5, ""url"": ""https://www.gesetze-im-internet.de/ustg_1980/__14.html"", ""section"": ""§ 14 Abs. 4 Nr. 6 UStG""}]"
F05,Entgelt nach Steuersätzen/Befreiungen; vereinbarte Minderungen; Steuersatz und Steuerbetrag oder Befreiungshinweis,Position / Steuerzusammenfassung,G,§ 14 Abs. 4 Nr. 7–8; gesetzliche Alternativen beachten,"[""AP""]",Interner Steuerschlüssel ist nicht selbst die gesetzliche Angabe.,"[""E05a""]","[{""evidence_id"": ""E05a"", ""source_id"": 5, ""url"": ""https://www.gesetze-im-internet.de/ustg_1980/__14.html"", ""section"": ""§ 14 Abs. 4 Nr. 7–8 UStG""}]"
F06,Aufbewahrungshinweis / Angabe Gutschrift,Kopf / Sonderfall,G_bedingt,Nur § 14 Abs. 4 Nr. 9–10 in den dort benannten Fällen,"[""AP""]",Keine pauschalen Pflichtfelder jeder Eingangsrechnung.,"[""E05a""]","[{""evidence_id"": ""E05a"", ""source_id"": 5, ""url"": ""https://www.gesetze-im-internet.de/ustg_1980/__14.html"", ""section"": ""§ 14 Abs. 4 Nr. 9–10 UStG""}]"
F07,Kleinbetragskontext,Kopf,G_Ausnahme,§ 33 UStDV: Gesamtbetrag bis einschließlich 250 EUR; Satz 3 nimmt bestimmte Umsätze aus,"[""AP""]",Abweichender Mindestkatalog; nicht jeden Beleg gegen denselben Vollkatalog sperren.,"[""E12a"", ""E12b""]","[{""evidence_id"": ""E12a"", ""source_id"": 12, ""url"": ""https://www.gesetze-im-internet.de/ustdv_1980/__33.html"", ""section"": ""§ 33 Satz 1 UStDV""}, {""evidence_id"": ""E12b"", ""source_id"": 12, ""url"": ""https://www.gesetze-im-internet.de/ustdv_1980/__33.html"", ""section"": ""§ 33 Satz 3 UStDV""}]"
F08,Originalbeleg / Herkunft / Lesbarkeit / Leistungsbezug,Dokument,G_Kontrolle;U,§ 14 Abs. 3; Prüfpfad statt vorgeschriebener bestimmter Softwaremaske,"[""AP"", ""LE""]",Keine Aussage über vollständige technische E-Rechnungsvalidierung.,"[""E05c""]","[{""evidence_id"": ""E05c"", ""source_id"": 5, ""url"": ""https://www.gesetze-im-internet.de/ustg_1980/__14.html"", ""section"": ""§ 14 Abs. 3 UStG""}]"
F09,Gesellschaft / Mandant / Rechnungsempfängerzuordnung,Kopf / Stammdaten,S;U,DocuWare US Mehrgesellschaftslösung: Subsidiary Name Pflichtfeld,"[""AP"", ""CFG""]",Gesellschaft nicht als bloße Kostenstelle behandeln; gesetzlicher Empfänger bleibt F01.,"[""E04d""]","[{""evidence_id"": ""E04d"", ""source_id"": 4, ""url"": ""https://knowledgecenter.docuware.com/docs/preconfigured-solutions-invoice-processing-usa"", ""section"": ""Using the solution with multi-subsidiaries""}]"
F10,Interne Kreditoren-ID; Eingangstag; Buchungsdatum; Fälligkeit; Währung; Bank- und Zahlungsdaten,Kopf / Zahlungsstamm,U;S_bedingt,Nicht im allgemeinen §-14-Abs.-4-Katalog aufgeführt; technische Regeln gesondert. D365 verlangt Zahlart für Zahlungsgenerierung.,"[""AP"", ""PAY""]","Keine Aussage, dass diese Felder in allen Rechts-/Vertragssonderfällen optional wären.","[""E05a"", ""E09a"", ""E09b""]","[{""evidence_id"": ""E05a"", ""source_id"": 5, ""url"": ""https://www.gesetze-im-internet.de/ustg_1980/__14.html"", ""section"": ""§ 14 Abs. 4 Nr. 1–10 UStG""}, {""evidence_id"": ""E09a"", ""source_id"": 9, ""url"": ""https://learn.microsoft.com/en-us/dynamics365/finance/cash-bank-management/tasks/vendor-payment-overview"", ""section"": ""Vendor payment overview > payment proposal steps""}, {""evidence_id"": ""E09b"", ""source_id"": 9, ""url"": ""https://learn.microsoft.com/en-us/dynamics365/finance/cash-bank-management/tasks/vendor-payment-overview"", ""section"": ""Vendor payment overview > method of payment step""}]"
F11,Default-Dimensionen / Kopfzuschläge,Kopf,S;U,D365: Kopfverteilung und positionsbezogene Ableitung; bei PO Dimensionen aus PO-Zeilen,"[""AP""]",Vorbelegung ist nicht Nachweis richtiger Kostenverursachung.,"[""E01a"", ""E06d""]","[{""evidence_id"": ""E01a"", ""source_id"": 1, ""url"": ""https://learn.microsoft.com/en-us/dynamics365/finance/accounts-payable/accounting-distributions-subledger-journal-entries-vendor-invoices"", ""section"": ""Accounting distributions""}, {""evidence_id"": ""E06d"", ""source_id"": 6, ""url"": ""https://learn.microsoft.com/en-us/dynamics365/finance/accounts-payable/vendor-invoices-overview"", ""section"": ""Default financial dimension in vendor invoice lines""}]"
F12,Sachkonto / Steuerkey / Buchungstext / Kontierungsbetrag,Position / Kontierungszeile,S_bedingt;U,DocuWare UK: GL amount ausdrücklich Pflicht bei Kostenstellenfreigabe; Kontierung Voraussetzung für Buchungsdatensatz,"[""AP"", ""KSV""]",Nicht pauschal sämtliche angezeigten Felder zu rechtlichen oder unbedingten Systempflichten erklären.,"[""E03b"", ""E03d""]","[{""evidence_id"": ""E03b"", ""source_id"": 3, ""url"": ""https://knowledgecenter.docuware.com/docs/preconfigured-solutions-invoice-processing-uk"", ""section"": ""GL coding""}, {""evidence_id"": ""E03d"", ""source_id"": 3, ""url"": ""https://knowledgecenter.docuware.com/docs/preconfigured-solutions-invoice-processing-uk"", ""section"": ""Completion""}]"
F13,Kostenstelle,Position / Verteilung / Freigabezuordnung,U→S,BC: Code Mandatory kann Dimensionswert zur Buchung verlangen; sonst keine universelle technische Pflicht,"[""AP"", ""KSV""]",Freigabezuständigkeit und gebuchtes Kontierungsobjekt getrennt modellieren.,"[""E13a"", ""E11a""]","[{""evidence_id"": ""E13a"", ""source_id"": 13, ""url"": ""https://learn.microsoft.com/en-us/dynamics365/business-central/finance-dimensions"", ""section"": ""To set up default dimensions for customers, vendors, and other accounts > Tip""}, {""evidence_id"": ""E11a"", ""source_id"": 11, ""url"": ""https://learn.microsoft.com/en-ca/dynamics365/business-central/finance-set-up-cost-accounting"", ""section"": ""Setting Up Cost Centers""}]"
F14,Kostenträger,Position / Kostenrechnung,S_bedingt;U,BC-Kostenrechnung: Kostenposten Kostenart + Kostenstelle ODER Kostenträger; nicht beide zugleich,"[""AP""]",Diese Modulregel nicht auf jede Rechnung / jedes ERP übertragen.,"[""E11b"", ""E11c""]","[{""evidence_id"": ""E11b"", ""source_id"": 11, ""url"": ""https://learn.microsoft.com/en-ca/dynamics365/business-central/finance-set-up-cost-accounting"", ""section"": ""Setting Up Cost Objects""}, {""evidence_id"": ""E11c"", ""source_id"": 11, ""url"": ""https://learn.microsoft.com/en-ca/dynamics365/business-central/finance-set-up-cost-accounting"", ""section"": ""Balances between Cost Type, Cost Center, and Cost Object""}]"
F15,Projekt / Projektaufgabe / PSP-Element,Position / Projektbezug,S_bedingt;U,BC Projektbeschaffung: Project No. / Project Task No.; SAP Rollenfindung nach passender PSP-Vorbedingung,"[""AP"", ""PV"", ""KSV""]","Projektprüfung separat konfigurierbar, nicht Ersatz für geforderte KSV-Freigabe.","[""E14a"", ""E18b""]","[{""evidence_id"": ""E14a"", ""source_id"": 14, ""url"": ""https://learn.microsoft.com/en-gb/dynamics365/business-central/projects-how-manage-project-supplies"", ""section"": ""Replenish a project manually""}, {""evidence_id"": ""E18b"", ""source_id"": 18, ""url"": ""https://help.sap.com/docs/SAP_S4HANA_CLOUD/0e602d466b99490187fcbb30d1dc897c/81da6d475c614991aade9bfcdb864846.html?locale=de-DE&version=2608.500"", ""section"": ""Tabelle > Vorbedingungen""}]"
F16,Bestellung + Bestellposition / Wareneingang / Abnahmebezug,Position,U;S_bedingt,D365 PO-Matching je Richtlinie; Nicht-PO-Pfad gesondert,"[""AP"", ""LE""]","Bestellung, Rechnung und Leistungsnachweis sind unterschiedliche Objekte.","[""E07a"", ""E07c"", ""E06d""]","[{""evidence_id"": ""E07a"", ""source_id"": 7, ""url"": ""https://learn.microsoft.com/en-us/dynamics365/finance/accounts-payable/three-way-matching-policies"", ""section"": ""Example: Three-way matching for items > Scenario""}, {""evidence_id"": ""E07c"", ""source_id"": 7, ""url"": ""https://learn.microsoft.com/en-us/dynamics365/finance/accounts-payable/three-way-matching-policies"", ""section"": ""Example: Three-way matching for items > Scenario""}, {""evidence_id"": ""E06d"", ""source_id"": 6, ""url"": ""https://learn.microsoft.com/en-us/dynamics365/finance/accounts-payable/vendor-invoices-overview"", ""section"": ""Default financial dimension in vendor invoice lines""}]"
F17,Verteilungsbetrag / Prozent / Basis / Rundungsrest,Kontierungszeile,S_bedingt;U,DocuWare US Prozentvorbelegung: insgesamt 100 %; Rundung ggf. korrigieren; D365 Splitgrenzen beachten,"[""AP"", ""KSV""]",Ein Beleg kann mehrere Kontierungszeilen haben; nicht alle Artikeltypen sind gleich splittbar.,"[""E04b"", ""E01c"", ""E01d""]","[{""evidence_id"": ""E04b"", ""source_id"": 4, ""url"": ""https://knowledgecenter.docuware.com/docs/preconfigured-solutions-invoice-processing-usa"", ""section"": ""How to GL code invoices > GL Table prefill options""}, {""evidence_id"": ""E01c"", ""source_id"": 1, ""url"": ""https://learn.microsoft.com/en-us/dynamics365/finance/accounts-payable/accounting-distributions-subledger-journal-entries-vendor-invoices"", ""section"": ""Accounting distributions""}, {""evidence_id"": ""E01d"", ""source_id"": 1, ""url"": ""https://learn.microsoft.com/en-us/dynamics365/finance/accounts-payable/accounting-distributions-subledger-journal-entries-vendor-invoices"", ""section"": ""Accounting distributions""}]"
F18,Freigeber / Limit / Ersatzperson / Entscheidungsdatum / Belegversion,Workflow,S_bedingt;U,BC Benutzer-/Limit-/Vertretungssetup; SAP Initiatorausschluss konfigurierbar,"[""KSV"", ""MAN"", ""CFG""]","Prüfprotokoll und Versionsbindung sind Entwurfsregeln, keine behauptete universelle Standardfunktion.","[""E02a"", ""E02b"", ""E02c"", ""E18c""]","[{""evidence_id"": ""E02a"", ""source_id"": 2, ""url"": ""https://learn.microsoft.com/en-us/dynamics365/business-central/across-how-to-set-up-approval-users"", ""section"": ""To set up an approval user > Purchase Amount Approval Limit""}, {""evidence_id"": ""E02b"", ""source_id"": 2, ""url"": ""https://learn.microsoft.com/en-us/dynamics365/business-central/across-how-to-set-up-approval-users"", ""section"": ""To set up an approval user > Substitute""}, {""evidence_id"": ""E02c"", ""source_id"": 2, ""url"": ""https://learn.microsoft.com/en-us/dynamics365/business-central/across-how-to-set-up-approval-users"", ""section"": ""To set up an approval user > warning about requestor/approver""}, {""evidence_id"": ""E18c"", ""source_id"": 18, ""url"": ""https://help.sap.com/docs/SAP_S4HANA_CLOUD/0e602d466b99490187fcbb30d1dc897c/81da6d475c614991aade9bfcdb864846.html?locale=de-DE&version=2608.500"", ""section"": ""Tabelle > Schritteigenschaften""}]"
F19,Rückfrage / Ablehnungs- und Änderungsgrund / Neuprüfung,Workflow,S_bedingt;U,BC Cancel Approval Request; SAP Nacharbeitsverfahren; nach erteilter Freigabe hier explizite Unternehmensregel,"[""AP"", ""LE"", ""KSV"", ""PV""]",Ablehnung ist weder Storno einer Buchung noch Zahlungssperrfreigabe.,"[""E08b"", ""E18d"", ""E15a"", ""E17b""]","[{""evidence_id"": ""E08b"", ""source_id"": 8, ""url"": ""https://learn.microsoft.com/en-us/dynamics365/business-central/across-how-use-approval-workflows"", ""section"": ""Cancel approval requests""}, {""evidence_id"": ""E18d"", ""source_id"": 18, ""url"": ""https://help.sap.com/docs/SAP_S4HANA_CLOUD/0e602d466b99490187fcbb30d1dc897c/81da6d475c614991aade9bfcdb864846.html?locale=de-DE&version=2608.500"", ""section"": ""Tabelle > Ausnahmebehandlung > vollständig vorerfasste Rechnung""}, {""evidence_id"": ""E15a"", ""source_id"": 15, ""url"": ""https://learn.microsoft.com/en-us/dynamics365/business-central/purchasing-how-correct-cancel-unpaid-purchase-invoices"", ""section"": ""Correct a posted purchase invoice""}, {""evidence_id"": ""E17b"", ""source_id"": 17, ""url"": ""https://help.sap.com/docs/SAP_S4HANA_CLOUD/0e602d466b99490187fcbb30d1dc897c/9bd9a6b4124446a5b31ddfecbff07508.html?locale=de-DE&version=2608.500"", ""section"": ""Funktionsumfang > Hinweis zum Sperrgrund""}]"
F20,Approvalstatus / Buchungsstatus / Zahlungsstatus / Ausgleichsstatus,Getrennte Zustandsobjekte,S_bedingt;U,BC Released; BC Posting; D365 Zahlungsprozess; SAP gesperrt/vorerfasst unterschiedliche Folgeaktionen,"[""AP"", ""KSV"", ""PAY""]",Getrennte Status sind Entwurf; Produktlabels dürfen nicht ohne semantische Zuordnung gleichgesetzt werden.,"[""E08c"", ""E16b"", ""E10a"", ""E18e""]","[{""evidence_id"": ""E08c"", ""source_id"": 8, ""url"": ""https://learn.microsoft.com/en-us/dynamics365/business-central/across-how-use-approval-workflows"", ""section"": ""Approve or reject approval requests""}, {""evidence_id"": ""E16b"", ""source_id"": 16, ""url"": ""https://learn.microsoft.com/en-us/dynamics365/business-central/purchasing-how-record-purchases"", ""section"": ""Posting purchases""}, {""evidence_id"": ""E10a"", ""source_id"": 10, ""url"": ""https://learn.microsoft.com/en-us/dynamics365/finance/accounts-payable/automate-vendor-payment-proposal"", ""section"": ""Automate vendor payment proposals > introductory paragraphs""}, {""evidence_id"": ""E18e"", ""source_id"": 18, ""url"": ""https://help.sap.com/docs/SAP_S4HANA_CLOUD/0e602d466b99490187fcbb30d1dc897c/81da6d475c614991aade9bfcdb864846.html?locale=de-DE&version=2608.500"", ""section"": ""Tabelle > Bestimmen der Reihenfolge""}]"
