id,stage,roles,fields,documented,requirement,company_rule,evidence,source_details
W01,Eingang / Erfassung,"[""AP""]","[""Originalbeleg"", ""Lieferant"", ""Rechnungsempfänger"", ""Rechnungsnummer"", ""Datum"", ""Beträge""]",DocuWare US: vorindexierte Daten werden geprüft und bei Bedarf ergänzt oder korrigiert.,S: konkrete Erfassungsstrecke; G-Angaben separat in F01–F06.,"U: Originalbeleg und Extraktionswerte getrennt behandeln; unklare Erkennung zur Bearbeitung, nicht als Freigabe werten.","[""E04a""]","[{""evidence_id"": ""E04a"", ""source_id"": 4, ""url"": ""https://knowledgecenter.docuware.com/docs/preconfigured-solutions-invoice-processing-usa"", ""section"": ""How to store an invoice from tray to file cabinet > Storing by using standard indexing""}]"
W02,Validierung / Dublette,"[""AP""]","[""Summen"", ""Steuerbetrag"", ""Dublettenschlüssel"", ""Fehlergrund""]","D365 Finance kann Einreichung bei Summendifferenz, unzugeordneten Zuschlägen oder doppelter Rechnungsnummer verhindern; dokumentierte Parameter müssen aktiv sein.",U→S: Sperre erst nach entsprechender Konfiguration.,U: Fehler zur Klärung; formale Vollständigkeit nicht mit Leistungsbestätigung gleichsetzen.,"[""E06b"", ""E06c""]","[{""evidence_id"": ""E06b"", ""source_id"": 6, ""url"": ""https://learn.microsoft.com/en-us/dynamics365/finance/accounts-payable/vendor-invoices-overview"", ""section"": ""Preventing invoice submission to workflow""}, {""evidence_id"": ""E06c"", ""source_id"": 6, ""url"": ""https://learn.microsoft.com/en-us/dynamics365/finance/accounts-payable/vendor-invoices-overview"", ""section"": ""Preventing invoice submission to workflow""}]"
W03,Sachliche Prüfung / Leistungsbestätigung,"[""LE"", ""KSV""]","[""Bestellposition"", ""Wareneingang / Leistungsnachweis"", ""Menge"", ""Preis"", ""Leistungszeitraum""]",D365 Finance: Drei-Wege-Abgleich vergleicht Rechnungsmenge mit Wareneingang und Preise mit Bestellung/Toleranzen; Abweichungsfreigabe hängt von Einstellungen ab.,"U: Matchingart, Toleranz und Ausnahmebefugnis; kein allgemeines gesetzliches Pflichtschema.",U: LE bestätigt tatsächliche Leistung; KSV erteilt die verbindliche fachliche Freigabe. Bei Dienstleistungen geeigneten Abnahme-/Meilensteinnachweis zuordnen.,"[""E07a"", ""E07b"", ""E07c""]","[{""evidence_id"": ""E07a"", ""source_id"": 7, ""url"": ""https://learn.microsoft.com/en-us/dynamics365/finance/accounts-payable/three-way-matching-policies"", ""section"": ""Example: Three-way matching for items > Scenario""}, {""evidence_id"": ""E07b"", ""source_id"": 7, ""url"": ""https://learn.microsoft.com/en-us/dynamics365/finance/accounts-payable/three-way-matching-policies"", ""section"": ""Example: Three-way matching for item and vendor combinations > Scenario""}, {""evidence_id"": ""E07c"", ""source_id"": 7, ""url"": ""https://learn.microsoft.com/en-us/dynamics365/finance/accounts-payable/three-way-matching-policies"", ""section"": ""Example: Three-way matching for items > Scenario""}]"
W04,Kopfkontierung / Vorbelegung,"[""AP""]","[""Gesellschaft"", ""Kreditor"", ""Währung"", ""Buchungsdatum"", ""Default-Dimensionen"", ""Kopfzuschläge""]",D365 Finance unterscheidet Kopf- und Positionsbeträge; bei Bestellbezug stammen Standarddimensionen aus den Bestellpositionen.,S/U: Feld- und Vererbungsverhalten des gewählten Systems; nicht alle Kopfdaten sind gesetzliche Angaben.,U: Kopfwerte nur als Vorschlag; abweichende Positionen einzeln prüfen.,"[""E01a"", ""E06d""]","[{""evidence_id"": ""E01a"", ""source_id"": 1, ""url"": ""https://learn.microsoft.com/en-us/dynamics365/finance/accounts-payable/accounting-distributions-subledger-journal-entries-vendor-invoices"", ""section"": ""Accounting distributions""}, {""evidence_id"": ""E06d"", ""source_id"": 6, ""url"": ""https://learn.microsoft.com/en-us/dynamics365/finance/accounts-payable/vendor-invoices-overview"", ""section"": ""Default financial dimension in vendor invoice lines""}]"
W05,Positionskontierung,"[""AP"", ""KSV""]","[""Sachkonto"", ""Steuerschlüssel"", ""Buchungstext"", ""Kostenstelle"", ""Kostenträger / Projekt"", ""Kontierungsbetrag""]",D365 Finance hat Positionsverteilungen; BC kann Dimensionen über Code Mandatory zur Buchung verlangen.,"S/U: Pflicht folgt Konten-/Dimensionskonfiguration, nicht dem Rechnungsangabenkatalog.","U: Sachkonto, Steuerlogik und wirtschaftliche Zuordnung vor Freigabe abgestimmt halten.","[""E01b"", ""E13a""]","[{""evidence_id"": ""E01b"", ""source_id"": 1, ""url"": ""https://learn.microsoft.com/en-us/dynamics365/finance/accounts-payable/accounting-distributions-subledger-journal-entries-vendor-invoices"", ""section"": ""Accounting distributions""}, {""evidence_id"": ""E13a"", ""source_id"": 13, ""url"": ""https://learn.microsoft.com/en-us/dynamics365/business-central/finance-dimensions"", ""section"": ""To set up default dimensions for customers, vendors, and other accounts > Tip""}]"
W06,Kostenstelle / Kostenträger / Projekt / Bestellung,"[""AP"", ""KSV"", ""PV""]","[""Kostenstellen-ID"", ""Kostenträger-ID"", ""Projekt-ID"", ""Projektaufgabe / PSP"", ""Bestellung + Position""]",BC trennt Kostenstelle und Kostenträger in der Kostenrechnung; Projektbeschaffung nutzt Project No. / Project Task No. SAP kann Kostenstellen- bzw. PSP-Verantwortliche über passende Kontierungsvorbedingungen ermitteln.,S: BC-Kostenposten Kostenart + Kostenstelle ODER Kostenträger; keine universelle Rechnungspflicht für beide.,U: Projektmitprüfung eigenständig an-/abschalten; verantwortliche Kostenstelle als Freigabezuordnung nicht mit buchhalterischer Doppelkontierung verwechseln.,"[""E11a"", ""E11b"", ""E11c"", ""E14a"", ""E18a"", ""E18b""]","[{""evidence_id"": ""E11a"", ""source_id"": 11, ""url"": ""https://learn.microsoft.com/en-ca/dynamics365/business-central/finance-set-up-cost-accounting"", ""section"": ""Setting Up Cost Centers""}, {""evidence_id"": ""E11b"", ""source_id"": 11, ""url"": ""https://learn.microsoft.com/en-ca/dynamics365/business-central/finance-set-up-cost-accounting"", ""section"": ""Setting Up Cost Objects""}, {""evidence_id"": ""E11c"", ""source_id"": 11, ""url"": ""https://learn.microsoft.com/en-ca/dynamics365/business-central/finance-set-up-cost-accounting"", ""section"": ""Balances between Cost Type, Cost Center, and Cost Object""}, {""evidence_id"": ""E14a"", ""source_id"": 14, ""url"": ""https://learn.microsoft.com/en-gb/dynamics365/business-central/projects-how-manage-project-supplies"", ""section"": ""Replenish a project manually""}, {""evidence_id"": ""E18a"", ""source_id"": 18, ""url"": ""https://help.sap.com/docs/SAP_S4HANA_CLOUD/0e602d466b99490187fcbb30d1dc897c/81da6d475c614991aade9bfcdb864846.html?locale=de-DE&version=2608.500"", ""section"": ""Tabelle > Empfänger""}, {""evidence_id"": ""E18b"", ""source_id"": 18, ""url"": ""https://help.sap.com/docs/SAP_S4HANA_CLOUD/0e602d466b99490187fcbb30d1dc897c/81da6d475c614991aade9bfcdb864846.html?locale=de-DE&version=2608.500"", ""section"": ""Tabelle > Vorbedingungen""}]"
W07,Split über mehrere Kostenstellen,"[""AP"", ""KSV""]","[""Verteilungszeile"", ""Prozent / Betrag"", ""Kostenstelle"", ""Netto-/Bruttobasis"", ""Rundungsrest""]",DocuWare US: Prozentvorbelegung muss 100 % ergeben; Rundung kann Betragskorrektur erfordern. D365 Finance: bei Bestellbezug ist Splitting für nicht lagergeführte Artikel dokumentiert; Zuschlags-/Steuer-/Rabattzeilen haben Einschränkungen.,S: produktspezifische Splitgrenzen; U: Verteilungsschlüssel und Freigabebasis.,U: Beträge summengleich; jede betroffene KSV bestätigt ihren Anteil; kein Ausweichen auf Teilbeträge zur Umgehung der Gesamtgrenze.,"[""E04b"", ""E01c"", ""E01d""]","[{""evidence_id"": ""E04b"", ""source_id"": 4, ""url"": ""https://knowledgecenter.docuware.com/docs/preconfigured-solutions-invoice-processing-usa"", ""section"": ""How to GL code invoices > GL Table prefill options""}, {""evidence_id"": ""E01c"", ""source_id"": 1, ""url"": ""https://learn.microsoft.com/en-us/dynamics365/finance/accounts-payable/accounting-distributions-subledger-journal-entries-vendor-invoices"", ""section"": ""Accounting distributions""}, {""evidence_id"": ""E01d"", ""source_id"": 1, ""url"": ""https://learn.microsoft.com/en-us/dynamics365/finance/accounts-payable/accounting-distributions-subledger-journal-entries-vendor-invoices"", ""section"": ""Accounting distributions""}]"
W08,Fachliche Freigabe,"[""KSV"", ""PV""]","[""Genehmigende"", ""Zuständigkeit"", ""Version"", ""Entscheidung"", ""Begründung""]",DocuWare UK: alle beteiligten ersten Kostenstellenfreigeber und ggf. deren Manager geben frei. SAP: Kostenstellenverantwortliche als Empfänger; Ein-/Alle-Empfänger-Regeln konfigurierbar.,U→S: Empfänger- und Abschlussregel. Nicht jedes Produkt versteht mehrere Empfänger automatisch als UND.,"U: verpflichtendes UND aller betroffenen KSV; PV bei aktiviertem Projektpfad zusätzlich, nicht alternativ.","[""E03a"", ""E17a"", ""E18a"", ""E18f""]","[{""evidence_id"": ""E03a"", ""source_id"": 3, ""url"": ""https://knowledgecenter.docuware.com/docs/preconfigured-solutions-invoice-processing-uk"", ""section"": ""Approval by requestor and/or cost centre > Approval by cost centre department approvers""}, {""evidence_id"": ""E17a"", ""source_id"": 17, ""url"": ""https://help.sap.com/docs/SAP_S4HANA_CLOUD/0e602d466b99490187fcbb30d1dc897c/9bd9a6b4124446a5b31ddfecbff07508.html?locale=de-DE&version=2608.500"", ""section"": ""Workflows für Lieferantenrechnungen verwalten > Einleitung""}, {""evidence_id"": ""E18a"", ""source_id"": 18, ""url"": ""https://help.sap.com/docs/SAP_S4HANA_CLOUD/0e602d466b99490187fcbb30d1dc897c/81da6d475c614991aade9bfcdb864846.html?locale=de-DE&version=2608.500"", ""section"": ""Tabelle > Empfänger""}, {""evidence_id"": ""E18f"", ""source_id"": 18, ""url"": ""https://help.sap.com/docs/SAP_S4HANA_CLOUD/0e602d466b99490187fcbb30d1dc897c/81da6d475c614991aade9bfcdb864846.html?locale=de-DE&version=2608.500"", ""section"": ""Tabelle > Empfänger""}]"
W09,Grenzen / Vertretung / Vier-Augen-Prinzip,"[""KSV"", ""MAN"", ""CFG""]","[""Freigabelimit"", ""Währungs-/Betragsbasis"", ""Vertreter"", ""Gültigkeit"", ""Erfasser"", ""Genehmigender""]",BC: Einkaufsgrenze in lokaler Währung und Vertretungskette; bei gleicher Person als Anforderer und Genehmiger in einer Workflowbenutzergruppe droht automatische Eigengenehmigung. DocuWare US leitet bei Abwesenheit an Vertreter. SAP bietet Ausschluss des Workflow-Initiators.,"U: konkrete Grenzen, Identitätskonflikte und unabhängige Personen festlegen.","U: in Beispielen > 5.000 EUR Nettorechnungssumme zusätzliche MAN-Freigabe; ausdrücklich kein Hersteller-/Gesetzeswert. Vertretung erhält Aufgabe, nicht automatisch jede finanzielle Befugnis.","[""E02a"", ""E02b"", ""E02c"", ""E04c"", ""E18c""]","[{""evidence_id"": ""E02a"", ""source_id"": 2, ""url"": ""https://learn.microsoft.com/en-us/dynamics365/business-central/across-how-to-set-up-approval-users"", ""section"": ""To set up an approval user > Purchase Amount Approval Limit""}, {""evidence_id"": ""E02b"", ""source_id"": 2, ""url"": ""https://learn.microsoft.com/en-us/dynamics365/business-central/across-how-to-set-up-approval-users"", ""section"": ""To set up an approval user > Substitute""}, {""evidence_id"": ""E02c"", ""source_id"": 2, ""url"": ""https://learn.microsoft.com/en-us/dynamics365/business-central/across-how-to-set-up-approval-users"", ""section"": ""To set up an approval user > warning about requestor/approver""}, {""evidence_id"": ""E04c"", ""source_id"": 4, ""url"": ""https://knowledgecenter.docuware.com/docs/preconfigured-solutions-invoice-processing-usa"", ""section"": ""How does the cost center approval work?""}, {""evidence_id"": ""E18c"", ""source_id"": 18, ""url"": ""https://help.sap.com/docs/SAP_S4HANA_CLOUD/0e602d466b99490187fcbb30d1dc897c/81da6d475c614991aade9bfcdb864846.html?locale=de-DE&version=2608.500"", ""section"": ""Tabelle > Schritteigenschaften""}]"
W10,Rückfrage / Ablehnung / Änderung,"[""AP"", ""LE"", ""KSV"", ""PV""]","[""Rückfrage"", ""Ablehnungsgrund"", ""Änderungsumfang"", ""Vorversion"", ""Freigabestatus""]","BC: laufende Anfrage stornieren, ändern, neu anfordern. DocuWare UK Completion erlaubt Ablehnung, erneute Anforderung und Halten. SAP-Nacharbeit an vollständig vorerfasster Rechnung kann nach erneutem vollständigem Sichern neuen Workflow starten.",S: konkrete Statusübergänge sind produkt-/szenariospezifisch.,"U: nach bereits erteilter Fachfreigabe relevante Betrags-, Leistungs-, Empfänger- oder Kontierungsänderung sperrt den weiteren Standardpfad und verlangt neue KSV-Freigabe. Kein universeller Automatismus behauptet.","[""E08b"", ""E03c"", ""E18d""]","[{""evidence_id"": ""E08b"", ""source_id"": 8, ""url"": ""https://learn.microsoft.com/en-us/dynamics365/business-central/across-how-use-approval-workflows"", ""section"": ""Cancel approval requests""}, {""evidence_id"": ""E03c"", ""source_id"": 3, ""url"": ""https://knowledgecenter.docuware.com/docs/preconfigured-solutions-invoice-processing-uk"", ""section"": ""Completion""}, {""evidence_id"": ""E18d"", ""source_id"": 18, ""url"": ""https://help.sap.com/docs/SAP_S4HANA_CLOUD/0e602d466b99490187fcbb30d1dc897c/81da6d475c614991aade9bfcdb864846.html?locale=de-DE&version=2608.500"", ""section"": ""Tabelle > Ausnahmebehandlung > vollständig vorerfasste Rechnung""}]"
W11,Buchung / Korrektur gebuchter Rechnung,"[""AP""]","[""Buchungsdatum"", ""Buchungsbeleg"", ""Kreditorenposten"", ""Korrekturbezug""]",DocuWare UK exportiert Buchungsdaten ins Finanzsystem; Export ist kein Buchungsnachweis. BC-Buchung aktualisiert Konten. BC-Korrektur gebuchter unbezahlter Rechnung arbeitet mit Gutschrift/neuem Beleg; bereits bezahlte oder kombinierte Empfangsbelege haben Einschränkungen.,S: Buchungs- und Korrekturverfahren des konkreten Systems.,U: eigener Buchungsstatus mit Ergebnis; fehlgeschlagene Buchung bleibt trotz Approval ungebucht.,"[""E03d"", ""E16b"", ""E15a"", ""E15b""]","[{""evidence_id"": ""E03d"", ""source_id"": 3, ""url"": ""https://knowledgecenter.docuware.com/docs/preconfigured-solutions-invoice-processing-uk"", ""section"": ""Completion""}, {""evidence_id"": ""E16b"", ""source_id"": 16, ""url"": ""https://learn.microsoft.com/en-us/dynamics365/business-central/purchasing-how-record-purchases"", ""section"": ""Posting purchases""}, {""evidence_id"": ""E15a"", ""source_id"": 15, ""url"": ""https://learn.microsoft.com/en-us/dynamics365/business-central/purchasing-how-correct-cancel-unpaid-purchase-invoices"", ""section"": ""Correct a posted purchase invoice""}, {""evidence_id"": ""E15b"", ""source_id"": 15, ""url"": ""https://learn.microsoft.com/en-us/dynamics365/business-central/purchasing-how-correct-cancel-unpaid-purchase-invoices"", ""section"": ""Correct or cancel unpaid purchase invoices > introductory paragraphs""}]"
W12,Separate Zahlung,"[""PAY""]","[""Offene Posten"", ""Fälligkeit"", ""Zahlart"", ""Bankverbindung"", ""Zahlungsvorschlag"", ""Zahlungsautorisierung"", ""Ausführungsstatus""]","D365 Finance: Zahlungsvorschlag wählt Rechnungen; Zahlart für Generierung erforderlich; Vorschlagsautomatik bucht Zahlungen nicht automatisch. SAP-Sperrfreigabe hebt eine Zahlungssperre auf Kopfebene auf, ist keine Überweisung.",S: jeweilige Zahlungsfunktion; U: separate Autorisierung und Bankprozess.,"U: Approval, Buchung, Zahlungsfreigabe, Ausführung und Bank-/Ausgleichsrückmeldung separat führen.","[""E09a"", ""E09b"", ""E10a"", ""E17b"", ""E17c""]","[{""evidence_id"": ""E09a"", ""source_id"": 9, ""url"": ""https://learn.microsoft.com/en-us/dynamics365/finance/cash-bank-management/tasks/vendor-payment-overview"", ""section"": ""Vendor payment overview > payment proposal steps""}, {""evidence_id"": ""E09b"", ""source_id"": 9, ""url"": ""https://learn.microsoft.com/en-us/dynamics365/finance/cash-bank-management/tasks/vendor-payment-overview"", ""section"": ""Vendor payment overview > method of payment step""}, {""evidence_id"": ""E10a"", ""source_id"": 10, ""url"": ""https://learn.microsoft.com/en-us/dynamics365/finance/accounts-payable/automate-vendor-payment-proposal"", ""section"": ""Automate vendor payment proposals > introductory paragraphs""}, {""evidence_id"": ""E17b"", ""source_id"": 17, ""url"": ""https://help.sap.com/docs/SAP_S4HANA_CLOUD/0e602d466b99490187fcbb30d1dc897c/9bd9a6b4124446a5b31ddfecbff07508.html?locale=de-DE&version=2608.500"", ""section"": ""Funktionsumfang > Hinweis zum Sperrgrund""}, {""evidence_id"": ""E17c"", ""source_id"": 17, ""url"": ""https://help.sap.com/docs/SAP_S4HANA_CLOUD/0e602d466b99490187fcbb30d1dc897c/9bd9a6b4124446a5b31ddfecbff07508.html?locale=de-DE&version=2608.500"", ""section"": ""Funktionsumfang > Hinweis zum Sperrgrund""}]"
